{"cameraMode":{"drawMode":0,"name":"Shaded","section":"Shading Mode"},"sceneLighting":false,"audioPlay":false,"sceneViewState":{"m_AlwaysRefresh":false,"showFog":false,"showSkybox":false,"showFlares":false,"showImageEffects":false,"showParticleSystems":false,"showVisualEffectGraphs":true,"m_FxEnabled":true},"in2DMode":false,"pivot":{"x":-0.14174585044384004,"y":0.08293627202510834,"z":0.09037454426288605},"rotation":{"x":0.14516644179821015,"y":0.48392707109451296,"z":-0.08178388327360153,"w":0.8590847253799439},"size":0.34673479199409487,"orthographic":false}