{"cameraMode":{"drawMode":2,"name":"Shaded Wireframe","section":"Shading Mode"},"sceneLighting":false,"audioPlay":false,"sceneViewState":{"m_AlwaysRefresh":false,"showFog":false,"showSkybox":false,"showFlares":false,"showImageEffects":false,"showParticleSystems":false,"showVisualEffectGraphs":true,"m_FxEnabled":true},"in2DMode":false,"pivot":{"x":0.14286327362060548,"y":0.6520175933837891,"z":-0.009469956159591675},"rotation":{"x":0.16496048867702485,"y":-0.34403565526008608,"z":0.06157514080405235,"w":0.9223225712776184},"size":1.0572783946990967,"orthographic":false}