{"cameraMode":{"drawMode":2,"name":"Shaded Wireframe","section":"Shading Mode"},"sceneLighting":false,"audioPlay":false,"sceneViewState":{"m_AlwaysRefresh":false,"showFog":false,"showSkybox":false,"showFlares":false,"showImageEffects":false,"showParticleSystems":false,"showVisualEffectGraphs":true,"m_FxEnabled":true},"in2DMode":false,"pivot":{"x":-0.1545690894126892,"y":0.08369745314121247,"z":-0.026439577341079713},"rotation":{"x":0.29306548833847048,"y":-0.179340198636055,"z":0.056110579520463946,"w":0.9374703168869019},"size":0.21420595049858094,"orthographic":false}